x,y,z,Bx,By,Bz
-1.0,-1.2246467991473532e-16,-1.0,0.05512562119845662,-0.07308535216058629,1.0138255009301609
-0.8090169943749473,-0.5877852522924732,-1.0,0.04338110708404925,-0.04772488603669947,0.9785624388691814
-0.9510565162951536,-0.3090169943749475,-1.0,0.04715206275120165,-0.061456700333533676,1.0000790748574329
-0.587785252292473,-0.8090169943749475,-1.0,0.04399519464867688,-0.03273010023828681,0.950556283896179
-0.3090169943749473,-0.9510565162951536,-1.0,0.04897608635017573,-0.017653353602031564,0.9182471922828851
0.3090169943749474,-0.9510565162951536,-1.0,0.07070292543144817,0.006631124187850406,0.8534957314367208
6.123233995736766e-17,-1.0,-1.0,0.058067214578252695,-0.003995948903851117,0.8846828915530559
0.5877852522924731,-0.8090169943749475,-1.0,0.08595312201275644,0.012818810990580595,0.8284320092758941
0.8090169943749475,-0.5877852522924731,-1.0,0.10251866625470972,0.013642856904939117,0.8127597102566954
1.0,0.0,-1.0,0.13302367777458185,-0.0011954243437499372,0.8167754774728068
0.9510565162951536,-0.3090169943749474,-1.0,0.11879669137431889,0.008830669691879123,0.8086637231573394
0.9510565162951536,0.3090169943749474,-1.0,0.14349387260926594,-0.015360321744689352,0.8359903617394883
0.8090169943749475,0.5877852522924731,-1.0,0.14883092262423128,-0.03204369191382277,0.8636661747680664
0.3090169943749474,0.9510565162951536,-1.0,0.14178469720137163,-0.06501238596540997,0.9296129289693457
0.5877852522924731,0.8090169943749475,-1.0,0.1482579768154781,-0.04927241596832918,0.8961709092395278
6.123233995736766e-17,1.0,-1.0,0.1302383643729476,-0.07751486879779726,0.9605188001468726
-0.3090169943749473,0.9510565162951536,-1.0,0.1151155089985374,-0.08561342705637082,0.986262458411684
-0.8090169943749473,0.5877852522924732,-1.0,0.08167032997475776,-0.08745013005998753,1.016311192166946
-0.587785252292473,0.8090169943749475,-1.0,0.0982913627444805,-0.08886080289079719,1.0051641765992347
-0.9510565162951536,0.3090169943749475,-1.0,0.0668836809849407,-0.0819629918510442,1.019260575099468
-0.75,-9.184850993605147e-17,-1.0,0.06560186433689405,-0.06502573314367328,0.9911356295939403
-0.6067627457812105,-0.4408389392193549,-1.0,0.05643581593644076,-0.04543965402352197,0.9635932299655733
-0.7132923872213651,-0.2317627457812106,-1.0,0.059392124058195495,-0.05603038021961024,0.9802933920626997
-0.4408389392193548,-0.6067627457812106,-1.0,0.0569118106727732,-0.0340191276207435,0.9421985225729096
-0.2317627457812105,-0.7132923872213652,-1.0,0.06078980435987078,-0.022721155061465246,0.9178787894152971
0.2317627457812106,-0.7132923872213651,-1.0,0.07749327038929618,-0.004926985618291006,0.8700334680375024
4.5924254968025736e-17,-0.75,-1.0,0.06781749738457023,-0.012648971994403634,0.8929433724543716
0.4408389392193548,-0.6067627457812106,-1.0,0.08904938004502745,-0.0005170783775239825,0.8517938137791178
0.6067627457812106,-0.4408389392193548,-1.0,0.10146761463814796,-4.417651837618585e-05,0.8404762507531102
0.75,0.0,-1.0,0.12398610469032101,-0.011103050932893432,0.8434274721461997
0.7132923872213651,-0.2317627457812105,-1.0,0.11354102259636531,-0.003680240903546959,0.8375523074842823
0.7132923872213651,0.2317627457812105,-1.0,0.13159933617612485,-0.021523174574625714,0.8573425592251551
0.6067627457812106,0.4408389392193548,-1.0,0.13543770779290604,-0.033771656522512405,0.8775061213088754
0.2317627457812106,0.7132923872213651,-1.0,0.13026918856451977,-0.05812015738862949,0.9263888633049211
0.4408389392193548,0.6067627457812106,-1.0,0.1349866447856295,-0.0464479608547115,0.9014323051722143
4.5924254968025736e-17,0.75,-1.0,0.1218584756300776,-0.06754392454269596,0.9498254052785526
-0.2317627457812105,0.7132923872213652,-1.0,0.1107822127958651,-0.07384357836283137,0.9696703588661388
-0.6067627457812105,0.4408389392193549,-1.0,0.0858938600557829,-0.07581615072877988,0.9932233417687711
-0.4408389392193548,0.6067627457812106,-1.0,0.09834156016398125,-0.07659927431195633,0.9844457113280659
-0.7132923872213651,0.2317627457812106,-1.0,0.07465959204729966,-0.07180216490115654,0.99550613580296
-0.5,-6.123233995736766e-17,-1.0,0.07585555104256696,-0.05669920595070866,0.967911673933439
-0.4045084971874736,-0.2938926261462366,-1.0,0.0695019918823108,-0.04327526966708194,0.948821769754257
-0.4755282581475767,-0.1545084971874737,-1.0,0.07156204208903438,-0.050526997647932004,0.9603329542685453
-0.2938926261462365,-0.4045084971874737,-1.0,0.0698256109843674,-0.03553881294940536,0.9342923714397696
-0.1545084971874736,-0.4755282581475768,-1.0,0.07250534758345278,-0.027999461062156304,0.9180172605913259
0.1545084971874737,-0.4755282581475767,-1.0,0.08392418968276116,-0.016401740916538052,0.8866082160846827
3.061616997868383e-17,-0.5,-1.0,0.07733428367985344,-0.02138646408371069,0.9015549983996108
0.2938926261462365,-0.4045084971874737,-1.0,0.09171272527928892,-0.013624194308399331,0.8748239438600048
0.4045084971874737,-0.2938926261462365,-1.0,0.09998952220060794,-0.013417834805446598,0.8675667057240052
0.5,0.0,-1.0,0.11475967023496018,-0.020748390472580213,0.869477431751581
0.4755282581475767,-0.1545084971874737,-1.0,0.10794743386505395,-0.015866526522371523,0.8657076909618358
0.4755282581475767,0.1545084971874737,-1.0,0.11967667336087538,-0.027553235384775148,0.8784208557962334
0.4045084971874737,0.2938926261462365,-1.0,0.12212911308986879,-0.03554095187274977,0.8914709752483113
0.1545084971874737,0.4755282581475767,-1.0,0.11876430860656749,-0.05154131616267554,0.9236838031778656
0.2938926261462365,0.4045084971874737,-1.0,0.12181714162442335,-0.043835278663749436,0.9071258057185082
3.061616997868383e-17,0.5,-1.0,0.11332007680260657,-0.05786651084428669,0.9394787833074848
-0.1545084971874736,0.4755282581475768,-1.0,0.1061072692188162,-0.062219077905383606,0.9530624218172461
-0.4045084971874736,0.2938926261462366,-1.0,0.08963651584395164,-0.06390977469596769,0.9694377145950107
-0.2938926261462365,0.4045084971874737,-1.0,0.09792585516934393,-0.06426133423725325,0.9633075799280545
-0.4755282581475767,0.1545084971874737,-1.0,0.08205163653101627,-0.06129366886940494,0.9710129889976786
-0.25,-3.061616997868383e-17,-1.0,0.08589248536457171,-0.0481072459353129,0.9441444130426062
-0.2022542485937368,-0.1469463130731183,-1.0,0.08259205256313112,-0.041217091635795906,0.9342359898735408
-0.2377641290737883,-0.0772542485937368,-1.0,0.08366850479539464,-0.04493701529366554,0.940181804923317
-0.1469463130731182,-0.2022542485937368,-1.0,0.08275508511974553,-0.037284181841240674,0.9268350960866895
-0.0772542485937368,-0.2377641290737884,-1.0,0.0841419278994028,-0.03350393200632773,0.9186648427571856
0.0772542485937368,-0.2377641290737883,-1.0,0.08999834825607893,-0.02783051070861851,0.9032084790330562
1.5308084989341918e-17,-0.25,-1.0,0.08663037591254301,-0.03024231104066166,0.9105156411853192
0.1469463130731182,-0.2022542485937368,-1.0,0.09393758082471994,-0.026527211769328835,0.8975058675022224
0.2022542485937368,-0.1469463130731182,-1.0,0.09807594290079524,-0.02648457010956835,0.8940197048954108
0.25,0.0,-1.0,0.10533893421770792,-0.030131156580745472,0.8949386652643923
0.2377641290737883,-0.0772542485937368,-1.0,0.10200892449514841,-0.027724620003575368,0.8931312932444595
0.2377641290737883,0.0772542485937368,-1.0,0.10771874592333973,-0.03345945695175543,0.8992422981061363
0.2022542485937368,0.1469463130731182,-1.0,0.10889334981683782,-0.03736325896920554,0.9055727945042842
0.0772542485937368,0.2377641290737883,-1.0,0.10725319652282195,-0.045257574054576935,0.9214960491460477
0.1469463130731182,0.2022542485937368,-1.0,0.10873331407599421,-0.041435598707659435,0.9132550966513605
1.5308084989341918e-17,0.25,-1.0,0.10461083198901411,-0.04844730111202428,0.9294782627293985
-0.0772542485937368,0.2377641290737884,-1.0,0.101087065535647,-0.05070106170470226,0.9364444977076075
-0.2022542485937368,0.1469463130731183,-1.0,0.09290823599423292,-0.05172373450430417,0.9449670664053864
-0.1469463130731182,0.2022542485937368,-1.0,0.09704965077917657,-0.05182052585211211,0.9417624166524429
-0.2377641290737883,0.0772542485937368,-1.0,0.08906852515615087,-0.05044191363713441,0.9457847255481711
-1.0,-1.2246467991473532e-16,-0.7142857142857143,0.0297978321010856,-0.06434120369745612,1.0112736119502728
-0.8090169943749473,-0.5877852522924732,-0.7142857142857143,0.016367916504209545,-0.03947968613957967,0.9765719368357538
-0.9510565162951536,-0.3090169943749475,-0.7142857142857143,0.021049339312340317,-0.05307862844531734,0.9976876050557567
-0.587785252292473,-0.8090169943749475,-0.7142857142857143,0.016025337565156422,-0.024389659509189875,0.9491537333298322
-0.3090169943749473,-0.9510565162951536,-0.7142857142857143,0.02008056428612537,-0.00900927451762186,0.9175322767084537
0.3090169943749474,-0.9510565162951536,-0.7142857142857143,0.040301279083605986,0.016389390843548107,0.8540512950847545
6.123233995736766e-17,-1.0,-0.7142857142857143,0.028341857115675363,0.005132385495806205,0.8846525781429709
0.5877852522924731,-0.8090169943749475,-0.7142857142857143,0.05508377101034653,0.023307589763537268,0.8294071042494146
0.8090169943749475,-0.5877852522924731,-0.7142857142857143,0.07144128192632708,0.024904540992737142,0.8139607082205226
1.0,0.0,-0.7142857142857143,0.10244099334554438,0.011450340693197484,0.8179154775774193
0.9510565162951536,-0.3090169943749474,-0.7142857142857143,0.08780997666348402,0.0208370492928225,0.8099081306960332
0.9510565162951536,0.3090169943749474,-0.7142857142857143,0.11360749122789299,-0.0022536025269504763,0.8369166515627673
0.8090169943749475,0.5877852522924731,-0.7142857142857143,0.11987154239815061,-0.018711375610583114,0.8642971173446047
0.3090169943749474,0.9510565162951536,-0.7142857142857143,0.11496293426091103,-0.05202708331085798,0.9294497495621532
0.5877852522924731,0.8090169943749475,-0.7142857142857143,0.1203594960251929,-0.03598060074283622,0.8964375414562041
6.123233995736766e-17,1.0,-0.7142857142857143,0.10438712277211243,-0.06507197397905555,0.959866080198644
-0.3090169943749473,0.9510565162951536,-0.7142857142857143,0.09001854535930441,-0.07389222846523219,0.9850810198539228
-0.8090169943749473,0.5877852522924732,-0.7142857142857143,0.05713280218091634,-0.07738161263096448,1.0141529796897828
-0.587785252292473,0.8090169943749475,-0.7142857142857143,0.07364793223838967,-0.07796202894932149,1.003458692086316
-0.9510565162951536,0.3090169943749475,-0.7142857142857143,0.04210336751558953,-0.07263872224230766,1.016798056049705
-0.75,-9.184850993605147e-17,-0.7142857142857143,0.03965869828796712,-0.055750671101436104,0.9891030162807193
-0.6067627457812105,-0.4408389392193549,-0.7142857142857143,0.029238131384999606,-0.036558644329900046,0.9619777646335832
-0.7132923872213651,-0.2317627457812106,-0.7142857142857143,0.03287732778007271,-0.0470394213691672,0.9783863339748863
-0.4408389392193548,-0.6067627457812106,-0.7142857142857143,0.028986652510466743,-0.025072622060807587,0.9410040385858603
-0.2317627457812105,-0.7132923872213652,-0.7142857142857143,0.03215482346943777,-0.013545696585758391,0.917176299736465
0.2317627457812106,-0.7132923872213651,-0.7142857142857143,0.04770768883855111,0.005102099409323621,0.8702584723633529
4.5924254968025736e-17,-0.75,-0.7142857142857143,0.03854587995147324,-0.003102713330603653,0.8927355021091754
0.4408389392193548,-0.6067627457812106,-0.7142857142857143,0.058916529166112945,0.010068542818467271,0.8523422459375324
0.6067627457812106,-0.4408389392193548,-0.7142857142857143,0.07119081063034338,0.011124702958949422,0.8412149413762317
0.75,0.0,-0.7142857142857143,0.09410849781182129,0.0010944069745874151,0.8441625332589084
0.7132923872213651,-0.2317627457812105,-0.7142857142857143,0.08334770660539294,0.008044695903510635,0.838347890550983
0.7132923872213651,0.2317627457812105,-0.7142857142857143,0.102249285356624,-0.008988597129269013,0.8579214908333107
0.6067627457812106,0.4408389392193548,-0.7142857142857143,0.10677970641894086,-0.02107510256003736,0.8778526956268461
0.2317627457812106,0.7132923872213651,-0.7142857142857143,0.10319221884619793,-0.04568841930035228,0.926094243081931
0.4408389392193548,0.6067627457812106,-0.7142857142857143,0.10711464643057887,-0.03378586730238408,0.9014841432087736
4.5924254968025736e-17,0.75,-0.7142857142857143,0.09549764277242921,-0.05551590319856307,0.9491458893667271
-0.2317627457812105,0.7132923872213652,-0.7142857142857143,0.0849792137155883,-0.06235041476621795,0.9685897669765262
-0.6067627457812105,0.4408389392193549,-0.7142857142857143,0.06051580519509656,-0.0655464129296178,0.9914429254866037
-0.4408389392193548,0.6067627457812106,-0.7142857142857143,0.07287741572108553,-0.06571441687544274,0.9829828064715803
-0.7132923872213651,0.2317627457812106,-0.7142857142857143,0.04911250830470739,-0.06208784968619985,0.9935223177823381
-0.5,-6.123233995736766e-17,-0.7142857142857143,0.049287178406348026,-0.04690677651596324,0.9663813606545082
-0.4045084971874736,-0.2938926261462366,-0.7142857142857143,0.04210291928196886,-0.03375826143271011,0.9475669051650097
-0.4755282581475767,-0.1545084971874737,-0.7142857142857143,0.04461852134654145,-0.040930146263318486,0.9588899022083188
-0.2938926261462365,-0.4045084971874737,-0.7142857142857143,0.04193495333558954,-0.02598199157406562,0.933304565616428
-0.1545084971874736,-0.4755282581475768,-0.7142857142857143,0.044131316573328895,-0.018289403615616956,0.9173414544372516
0.1545084971874737,-0.4755282581475767,-0.7142857142857143,0.05476912087877635,-0.006111242300341112,0.8865342250693148
3.061616997868383e-17,-0.5,-0.7142857142857143,0.048526464215522196,-0.011424504539841698,0.9011964916108033
0.2938926261462365,-0.4045084971874737,-0.7142857142857143,0.062328145176613524,-0.0029568945440723617,0.8749716311552476
0.4045084971874737,-0.2938926261462365,-0.7142857142857143,0.07051662506957906,-0.0023590368558825113,0.8678551363044942
0.5,0.0,-0.7142857142857143,0.08557153391263868,-0.009009525305217243,0.8697916336020841
0.4755282581475767,-0.1545084971874737,-0.7142857142857143,0.07854028586965288,-0.004438280414996546,0.8660502508858423
0.4755282581475767,0.1545084971874737,-0.7142857142857143,0.0908441466292267,-0.01559534184924636,0.8786340178341523
0.4045084971874737,0.2938926261462365,-0.7142857142857143,0.0937561652210557,-0.023480133147341313,0.8915222205127882
0.1545084971874737,0.4755282581475767,-0.7142857142857143,0.09143024568075557,-0.039660231140627826,0.9232770856253399
0.2938926261462365,0.4045084971874737,-0.7142857142857143,0.09396175996965857,-0.03180040144691015,0.9069662431459009
3.061616997868383e-17,0.5,-0.7142857142857143,0.08645525070587046,-0.046252023160339044,0.9388035325303352
-0.1545084971874736,0.4755282581475768,-0.7142857142857143,0.07960919039553452,-0.050956385081096296,0.9521166758276056
-0.4045084971874736,0.2938926261462366,-0.7142857142857143,0.06342653610882867,-0.053452447088407386,0.9680468954819987
-0.2938926261462365,0.4045084971874737,-0.7142857142857143,0.07165340794811392,-0.0533984737245602,0.9621139541908099
-0.4755282581475767,0.1545084971874737,-0.7142857142857143,0.05573789633202497,-0.05120538496585358,0.9695030035025574
-0.25,-3.061616997868383e-17,-0.7142857142857143,0.05868801085021779,-0.03781034628265477,0.943099705938493
-0.2022542485937368,-0.1469463130731183,-0.7142857142857143,0.054974696672667724,-0.03106402471334629,0.9333276225723114
-0.2377641290737883,-0.0772542485937368,-0.7142857142857143,0.056279208618967125,-0.03474091368579407,0.9391825125058445
-0.1469463130731182,-0.2022542485937368,-0.7142857142857143,0.05488865935421259,-0.027113069032972722,0.9260533453962546
-0.0772542485937368,-0.2377641290737884,-0.7142857142857143,0.056028859463941226,-0.02325600168521692,0.9180310275274028
0.0772542485937368,-0.2377641290737883,-0.7142857142857143,0.061487806628916765,-0.017287026390723718,0.9028674949369104
1.5308084989341918e-17,-0.25,-0.7142857142857143,0.058295816026064276,-0.019866274225298394,0.9100343041687727
0.1469463130731182,-0.2022542485937368,-0.7142857142857143,0.06531309755928912,-0.015792438342179194,0.8972788540066005
0.2022542485937368,-0.1469463130731182,-0.7142857142857143,0.06941090909111271,-0.015552565565023588,0.8938700404642844
0.25,0.0,-0.7142857142857143,0.07682553526814467,-0.018861589666409658,0.8948160334771508
0.2377641290737883,-0.0772542485937368,-0.7142857142857143,0.07338169288132265,-0.01660830747531365,0.8930167940406663
0.2377641290737883,0.0772542485937368,-0.7142857142857143,0.07938529155783101,-0.022083246354379946,0.8990707784626376
0.2022542485937368,0.1469463130731182,-0.7142857142857143,0.08078895517922562,-0.025938249341374467,0.9053169089646743
0.0772542485937368,0.2377641290737883,-0.7142857142857143,0.07966050275517819,-0.03392407717322665,0.9209959310508207
0.1469463130731182,0.2022542485937368,-0.7142857142857143,0.08088447985461018,-0.030025155290431246,0.9128866785474913
1.5308084989341918e-17,0.25,-0.7142857142857143,0.07724850892048304,-0.03724559441802858,0.9288378579281299
-0.0772542485937368,0.2377641290737884,-0.7142857142857143,0.0739055987425309,-0.03967263599443862,0.9356672282825287
-0.2022542485937368,0.1469463130731183,-0.7142857142857143,0.06587378825999088,-0.04109308005072924,0.9439778259293651
-0.1469463130731182,0.2022542485937368,-0.7142857142857143,0.06998113481181115,-0.04098915041495357,0.9408646217377153
-0.2377641290737883,0.0772542485937368,-0.7142857142857143,0.061986773327335924,-0.039995447623792535,0.9447440723498294
-1.0,-1.2246467991473532e-16,-0.4285714285714286,0.005073748198623528,-0.055619904903967066,1.0089768939614663
-0.8090169943749473,-0.5877852522924732,-0.4285714285714286,-0.010020084037767496,-0.031341917167706734,0.9748050583026875
-0.9510565162951536,-0.3090169943749475,-0.4285714285714286,-0.004434853026309886,-0.044765380707866245,0.9955350895133228
-0.587785252292473,-0.8090169943749475,-0.4285714285714286,-0.01132130892965474,-0.016196747223504653,0.947963003901655
-0.3090169943749473,-0.9510565162951536,-0.4285714285714286,-0.008202511115933403,-0.0005474153285769935,0.9170234318725831
0.3090169943749474,-0.9510565162951536,-0.4285714285714286,0.01046699182942501,0.025924386142008714,0.8548243823320142
6.123233995736766e-17,-1.0,-0.4285714285714286,-0.0007901663166048364,0.014052228053505722,0.8848301932640925
0.5877852522924731,-0.8090169943749475,-0.4285714285714286,0.02475170102658637,0.033572331530904276,0.8306157887011393
0.8090169943749475,-0.5877852522924731,-0.4285714285714286,0.04087066949115081,0.035956529273708654,0.8154155105673879
1.0,0.0,-0.4285714285714286,0.0723167800617579,0.023954347688416287,0.8193503386818752
0.9510565162951536,-0.3090169943749474,-0.4285714285714286,0.05730281248325742,0.03266219597552147,0.8114277769717579
0.9510565162951536,0.3090169943749474,-0.4285714285714286,0.0841661888209454,0.010757210154447142,0.8381530467919414
0.8090169943749475,0.5877852522924731,-0.4285714285714286,0.09135197638205282,-0.005427946327160075,0.8652474583776832
0.3090169943749474,0.9510565162951536,-0.4285714285714286,0.08859437359896286,-0.03901196641752056,0.9296066761231573
0.5877852522924731,0.8090169943749475,-0.4285714285714286,0.09290360162988869,-0.022694393040772313,0.8970266172007236
6.123233995736766e-17,1.0,-0.4285714285714286,0.07900716961458333,-0.05257491541665758,0.9595272663540388
-0.3090169943749473,0.9510565162951536,-0.4285714285714286,0.06541737305569473,-0.06210587348427447,0.9842049020490514
-0.8090169943749473,0.5877852522924732,-0.4285714285714286,0.03314959942289607,-0.06726893571010167,1.0122784340232602
-0.587785252292473,0.8090169943749475,-0.4285714285714286,0.04952903574411067,-0.06700158284255274,1.0020484193376744
-0.9510565162951536,0.3090169943749475,-0.4285714285714286,0.017904735840060314,-0.06329964271819907,1.01460588425482
-0.75,-9.184850993605147e-17,-0.4285714285714286,0.014300405602949018,-0.04651341502758964,0.9873269014756251
-0.6067627457812105,-0.4408389392193549,-0.4285714285714286,0.0026417147954460075,-0.027779868559126928,0.9605960179511646
-0.7132923872213651,-0.2317627457812106,-0.4285714285714286,0.0069587308441445145,-0.03811810008408048,0.9767237876487069
-0.4408389392193548,-0.6067627457812106,-0.4285714285714286,0.0016611316951523002,-0.01625903725907842,0.9400353269799604
-0.2317627457812105,-0.7132923872213652,-0.4285714285714286,0.00411115469482445,-0.0045294315143458485,0.9166960059076836
0.2317627457812106,-0.7132923872213651,-0.4285714285714286,0.018479621343596316,0.014942003469552661,0.8707144732211762
4.5924254968025736e-17,-0.75,-0.4285714285714286,0.009851110471238557,0.006264881422742701,0.8927515507407621
0.4408389392193548,-0.6067627457812106,-0.4285714285714286,0.029318998356416145,0.020464981987222425,0.8531332595707164
0.6067627457812106,-0.4408389392193548,-0.4285714285714286,0.04142677861362427,0.0221154370033219,0.8422107355906601
0.75,0.0,-0.4285714285714286,0.06470717178713072,0.013164186887329182,0.845184497686294
0.7132923872213651,-0.2317627457812105,-0.4285714285714286,0.05364679235635841,0.01961272279504682,0.839416039759662
0.7132923872213651,0.2317627457812105,-0.4285714285714286,0.07336498328165869,0.0034523035178431905,0.8587987771881818
0.6067627457812106,0.4408389392193548,-0.4285714285714286,0.07858314572561854,-0.008437161221186033,0.8785050526358764
0.2317627457812106,0.7132923872213651,-0.4285714285714286,0.07658699261599991,-0.033256097484726854,0.9261074872248682
0.4408389392193548,0.6067627457812106,-0.4285714285714286,0.07970614686156957,-0.021149901837778404,0.9018448133303001
4.5924254968025736e-17,0.75,-0.4285714285714286,0.06962246164108685,-0.04346889004966636,0.948770054579574
-0.2317627457812105,0.7132923872213652,-0.4285714285714286,0.059680394215919925,-0.05082988344404896,0.9678063257040126
-0.6067627457812105,0.4408389392193549,-0.4285714285714286,0.03568552604844803,-0.05526455344391702,0.9899417612914778
-0.4408389392193548,0.6067627457812106,-0.4285714285714286,0.047938902794293484,-0.054804606879351785,0.9818088066357824
-0.7132923872213651,0.2317627457812106,-0.4285714285714286,0.02413364714163865,-0.0523831369476373,0.9918068422551931
-0.5,-6.123233995736766e-17,-0.4285714285714286,0.023285122581766148,-0.03716727823487762,0.965110112220715
-0.4045084971874736,-0.2938926261462366,-0.4285714285714286,0.015281184108885045,-0.024337751734427822,0.9465564566118408
-0.4755282581475767,-0.1545084971874737,-0.4285714285714286,0.018248943433850695,-0.03140768091523852,0.957698023390009
-0.2938926261462365,-0.4045084971874737,-0.4285714285714286,0.014620465835529685,-0.016542477466020986,0.932556460222859
-0.1545084971874736,-0.4755282581475768,-0.4285714285714286,0.016327787240820894,-0.008714307707366229,0.9169034579664954
0.1545084971874737,-0.4755282581475767,-0.4285714285714286,0.02616206654047677,0.00402478579318499,0.8867040777761365
3.061616997868383e-17,-0.5,-0.4285714285714286,0.020279456120311522,-0.0016103443706826795,0.9010771809580367
0.2938926261462365,-0.4045084971874737,-0.4285714285714286,0.03347697916607016,0.007556287473091837,0.875370559973833
0.4045084971874737,-0.2938926261462365,-0.4285714285714286,0.04156228173918923,0.008553193160807335,0.8684040324990788
0.5,0.0,-0.4285714285714286,0.05687747928639993,0.0026161653129519436,0.8703854748555345
0.4755282581475767,-0.1545084971874737,-0.4285714285714286,0.049638131280928185,0.006857515464022073,0.8666631507112956
0.4755282581475767,0.1545084971874737,-0.4285714285714286,0.06249842443076149,-0.0037282072644256575,0.8791344766758356
0.4045084971874737,0.2938926261462365,-0.4285714285714286,0.06586695781567876,-0.011486868644440094,0.8918660341006405
0.1545084971874737,0.4755282581475767,-0.4285714285714286,0.0645869081774618,-0.027807231679177716,0.9231653575499424
0.2938926261462365,0.4045084971874737,-0.4285714285714286,0.06659147018611618,-0.019811468266125336,0.9071017973698291
3.061616997868383e-17,0.5,-0.4285714285714286,0.06009060008156491,-0.0346532493646341,0.9384207857466174
-0.1545084971874736,0.4755282581475768,-0.4285714285714286,0.053623732680783354,-0.03970369009908988,0.9514590227515209
-0.4045084971874736,0.2938926261462366,-0.4285714285714286,0.037758131795751305,-0.0430149027078986,0.9669311895962559
-0.2938926261462365,0.4045084971874737,-0.4285714285714286,0.04590785532355212,-0.04254704585917595,0.9612025041164055
-0.4755282581475767,0.1545084971874737,-0.4285714285714286,0.02997932610852818,-0.04115121597114445,0.9682602767634398
-0.25,-3.061616997868383e-17,-0.4285714285714286,0.03203153844395061,-0.02758157503918349,0.9423177599163232
-0.2022542485937368,-0.1469463130731183,-0.4285714285714286,0.027910848348691505,-0.021001155915570863,0.932674937477483
-0.2377641290737883,-0.0772542485937368,-0.4285714285714286,0.02944173336377371,-0.024623785519198357,0.9384420765277219
-0.1469463130731182,-0.2022542485937368,-0.4285714285714286,0.02757512512612105,-0.017042704469165088,0.9255252006237291
-0.0772542485937368,-0.2377641290737884,-0.4285714285714286,0.028465814390365708,-0.013117700009519506,0.9176501215049293
0.0772542485937368,-0.2377641290737883,-0.4285714285714286,0.03351608573307996,-0.0068627095447886975,0.9027825320229994
1.5308084989341918e-17,-0.25,-0.4285714285714286,0.030506431073449674,-0.009606219697287512,0.9098066966471566
0.1469463130731182,-0.2022542485937368,-0.4285714285714286,0.03722020940990065,-0.005176494678285552,0.8973113894339778
0.2022542485937368,-0.1469463130731182,-0.4285714285714286,0.04127010074900806,-0.004735517751042543,0.8939842921573768
0.25,0.0,-0.4285714285714286,0.04882406909760968,-0.007690371429223123,0.8949665416989102
0.2377641290737883,-0.0772542485937368,-0.4285714285714286,0.045271910843503765,-0.00559989440728316,0.8931709175740532
0.2377641290737883,0.0772542485937368,-0.4285714285714286,0.05156003777837816,-0.010794299754472478,0.8991762454800631
0.2022542485937368,0.1469463130731182,-0.4285714285714286,0.053191155991392264,-0.014589006659629518,0.9053408143978514
0.0772542485937368,0.2377641290737883,-0.4285714285714286,0.0525779251930871,-0.022646663577863324,0.920777332252025
0.1469463130731182,0.2022542485937368,-0.4285714285714286,0.05354290226259879,-0.018679727965203268,0.9127995873116369
1.5308084989341918e-17,0.25,-0.4285714285714286,0.05040109144429379,-0.026093733003895826,0.9284778765281173
-0.0772542485937368,0.2377641290737884,-0.4285714285714286,0.04724530497308921,-0.02869110967650138,0.9351681487055448
-0.2022542485937368,0.1469463130731183,-0.4285714285714286,0.03937498267222581,-0.030514008151772635,0.9432597900088224
-0.1469463130731182,0.2022542485937368,-0.4285714285714286,0.043440936201584554,-0.030205283809053976,0.9402418585290946
-0.2377641290737883,0.0772542485937368,-0.4285714285714286,0.03544744808889577,-0.02960767445124989,0.9439704214867157
-1.0,-1.2246467991473532e-16,-0.1428571428571429,-0.019046127380893684,-0.04690744382892979,1.0069199140319292
-0.8090169943749473,-0.5877852522924732,-0.1428571428571429,-0.03578156914075989,-0.02329526033856047,0.973248210625783
-0.9510565162951536,-0.3090169943749475,-0.1428571428571429,-0.029299891518608907,-0.0365017303451565,0.9936070868031561
-0.587785252292473,-0.8090169943749475,-0.1428571428571429,-0.03804228910530961,-0.008134191030792104,0.9469711180924905
-0.3090169943749473,-0.9510565162951536,-0.1428571428571429,-0.035869342489638745,0.007749944705759978,0.9167079720930612
0.3090169943749474,-0.9510565162951536,-0.1428571428571429,-0.018793573802949354,0.035254021766092034,0.8558016413866948
6.123233995736766e-17,-1.0,-0.1428571428571429,-0.029323710482621997,0.022781534650124783,0.885202943981663
0.5877852522924731,-0.8090169943749475,-0.1428571428571429,-0.0050356970626712,0.04363066486978199,0.8320436906545035
0.8090169943749475,-0.5877852522924731,-0.1428571428571429,0.010815046389791052,0.04681594678420912,0.817108325833117
1.0,0.0,-0.1428571428571429,0.04266025459344021,0.03633205018846868,0.8210609299578662
0.9510565162951536,-0.3090169943749474,-0.1428571428571429,0.027284032642572283,0.04432250813722397,0.8132052056425791
0.9510565162951536,0.3090169943749474,-0.1428571428571429,0.05517929625962535,0.023686453292851534,0.8396790018713729
0.8090169943749475,0.5877852522924731,-0.1428571428571429,0.06328136315980934,0.007819748575815558,0.8664957263470093
0.3090169943749474,0.9510565162951536,-0.1428571428571429,0.06268673457984343,-0.02595584858381025,0.9300621890836663
0.5877852522924731,0.8090169943749475,-0.1428571428571429,0.06589890044990837,-0.009401743414138368,0.8979163471637392
6.123233995736766e-17,1.0,-0.1428571428571429,0.05410500367246071,-0.04001300036756871,0.9594815606532282
-0.3090169943749473,0.9510565162951536,-0.1428571428571429,0.041317023695014436,-0.0502437266667737,0.9836142969493061
-0.8090169943749473,0.5877852522924732,-0.1428571428571429,0.009722784181259618,-0.05710032576341039,1.0106699620531068
-0.587785252292473,0.8090169943749475,-0.1428571428571429,0.025938152968232958,-0.05596844980959323,1.0009146496794072
-0.9510565162951536,0.3090169943749475,-0.1428571428571429,-0.0057112040386716086,-0.05393293914387251,1.0126675638193994
-0.75,-9.184850993605147e-17,-0.1428571428571429,-0.010471040516300486,-0.03729979372673586,0.985791402766192
-0.6067627457812105,-0.4408389392193549,-0.1428571428571429,-0.023350929824061437,-0.019087443215566973,0.9594335030609616
-0.7132923872213651,-0.2317627457812106,-0.1428571428571429,-0.018361629666144165,-0.029251349160864696,0.9752906355979597
-0.4408389392193548,-0.6067627457812106,-0.1428571428571429,-0.02506147122785289,-0.007561834863968274,0.9392783339173287
-0.2317627457812105,-0.7132923872213652,-0.1428571428571429,-0.023336967755262495,0.00434462030362838,0.9164240286553686
0.2317627457812106,-0.7132923872213651,-0.1428571428571429,-0.010184759286078612,0.024609907373831317,0.8713869950587181
4.5924254968025736e-17,-0.75,-0.1428571428571429,-0.018261578749874767,0.015471003743635,0.8929775069803421
0.4408389392193548,-0.6067627457812106,-0.1428571428571429,0.0002637813093400204,0.03068920553495354,0.8541515930393309
0.6067627457812106,-0.4408389392193548,-0.1428571428571429,0.012183180346634667,0.03294458924773438,0.8434473231189139
0.75,0.0,-0.1428571428571429,0.03579057577088964,0.025121541663036887,0.8464746722200651
0.7132923872213651,-0.2317627457812105,-0.1428571428571429,0.024446434460533167,0.031039824839197518,0.840739248084441
0.7132923872213651,0.2317627457812105,-0.1428571428571429,0.04495494988842568,0.015813941073941636,0.859954722178273
0.6067627457812106,0.4408389392193548,-0.1428571428571429,0.05085636897632793,0.004155712802509555,0.879442821557423
0.2317627457812106,0.7132923872213651,-0.1428571428571429,0.05046071386373392,-0.020811063250677934,0.9264080981040401
0.4408389392193548,0.6067627457812106,-0.1428571428571429,0.05276904986248552,-0.008527315787072555,0.9024936781428605
4.5924254968025736e-17,0.75,-0.1428571428571429,0.044239208981001255,-0.031391114197902116,0.9486778785348595
-0.2317627457812105,0.7132923872213652,-0.1428571428571429,0.034890950795002956,-0.039270260708954195,0.9673007173050261
-0.6067627457812105,0.4408389392193549,-0.1428571428571429,0.011406101185378329,-0.04495803452424628,0.9887022423485189
-0.4408389392193548,0.6067627457812106,-0.1428571428571429,0.02353010257499899,-0.04385785290285423,0.9809052248374857
-0.7132923872213651,0.2317627457812106,-0.1428571428571429,-0.00027465387664846164,-0.04267473231450659,0.9903429828823486
-0.5,-6.123233995736766e-17,-0.1428571428571429,-0.002147297022194299,-0.027466375221816334,0.9640815812744614
-0.4045084971874736,-0.2938926261462366,-0.1428571428571429,-0.010959595892471745,-0.014998272153481046,0.9457750234680803
-0.4755282581475767,-0.1545084971874737,-0.1428571428571429,-0.00754334675312008,-0.02194467770689494,0.9567414980952309
-0.2938926261462365,-0.4045084971874737,-0.1428571428571429,-0.012113760807436803,-0.0072043539014020296,0.9320329246648723
-0.1545084971874736,-0.4755282581475768,-0.1428571428571429,-0.01090054671887962,0.0007420583912317429,0.9166882261294561
0.1545084971874737,-0.4755282581475767,-0.1428571428571429,-0.0018909779681368373,0.014022742988197695,0.8871022678189171
3.061616997868383e-17,-0.5,-0.1428571428571429,-0.0074013896814310145,0.008072410510431331,0.9011818982561938
0.2938926261462365,-0.4045084971874737,-0.1428571428571429,0.005165802845593574,0.017931605854123078,0.8760046884246765
0.4045084971874737,-0.2938926261462365,-0.1428571428571429,0.013133547100046217,0.019334824312729287,0.8691966658654527
0.5,0.0,-0.1428571428571429,0.02868511468316193,0.014143738548550146,0.8712407165588336
0.4755282581475767,-0.1545084971874737,-0.1428571428571429,0.02124837638870154,0.01803642258364455,0.8675288984655576
0.4755282581475767,0.1545084971874737,-0.1428571428571429,0.03464715045330621,0.00806266329673047,0.8799033599886557
0.4045084971874737,0.2938926261462365,-0.1428571428571429,0.03846899171947972,0.00045276883138622954,0.892483104817087
0.1545084971874737,0.4755282581475767,-0.1428571428571429,0.038240983231475255,-0.01596929696282657,0.9233291650748681
0.2938926261462365,0.4045084971874737,-0.1428571428571429,0.03971345007471386,-0.007855063677323942,0.9075129608513849
3.061616997868383e-17,0.5,-0.1428571428571429,0.0342321860902239,-0.02305739637515464,0.938311363957894
-0.1545084971874736,0.4755282581475768,-0.1428571428571429,0.028156250944256053,-0.028448231387841357,0.9510707280215208
-0.4045084971874736,0.2938926261462366,-0.1428571428571429,0.012635317992204843,-0.03258386217910289,0.9660730302219217
-0.2938926261462365,0.4045084971874737,-0.1428571428571429,0.02069384110086622,-0.03169412010548732,0.9605550505381105
-0.4755282581475767,0.1545084971874737,-0.1428571428571429,0.004779478357524191,-0.031117395311639685,0.9672678660080225
-0.25,-3.061616997868383e-17,-0.1428571428571429,0.005927616385224023,-0.017406425599791074,0.9417817537222456
-0.2022542485937368,-0.1469463130731183,-0.1428571428571429,0.001405178466518246,-0.011013415293985451,0.9322615979137009
-0.2377641290737883,-0.0772542485937368,-0.1428571428571429,0.003160631685292661,-0.014570834360527314,0.9379439501452339
-0.1469463130731182,-0.2022542485937368,-0.1428571428571429,0.0008193688491732292,-0.0070577872858272415,0.9252344508695337
-0.0772542485937368,-0.2377641290737884,-0.1428571428571429,0.0014579652187905463,-0.00307355841086805,0.9175059404271456
0.0772542485937368,-0.2377641290737883,-0.1428571428571429,0.006089013265744253,0.003458007230883538,0.9029371435380474
1.5308084989341918e-17,-0.25,-0.1428571428571429,0.0032677182431483758,0.0005534120495290644,0.9098165548037355
0.1469463130731182,-0.2022542485937368,-0.1428571428571429,0.009665050624654576,0.005336111955602167,0.89758675483714
0.2022542485937368,-0.1469463130731182,-0.1428571428571429,0.013659909525663786,0.0059819153944441735,0.8943454050966692
0.25,0.0,-0.1428571428571429,0.02134121985102586,0.003397365418447517,0.8953724175716374
0.2377641290737883,-0.0772542485937368,-0.1428571428571429,0.017686158264922532,0.0053157468444884,0.8935762443314853
0.2377641290737883,0.0772542485937368,-0.1428571428571429,0.02424967967540757,0.00042196682548255006,0.8995406259592483
0.2022542485937368,0.1469463130731182,-0.1428571428571429,0.02610656177645252,-0.0033012262716758138,0.9056262224639949
0.0772542485937368,0.2377641290737883,-0.1428571428571429,0.026011637195641712,-0.011411463133284326,0.9208218651062775
0.1469463130731182,0.2022542485937368,-0.1428571428571429,0.026715012781811587,-0.007385258921772245,0.9129754272099341
1.5308084989341918e-17,0.25,-0.1428571428571429,0.024074436049652148,-0.014977954058006308,0.9283800482604191
-0.0772542485937368,0.2377641290737884,-0.1428571428571429,0.02111169478356461,-0.017742734365523975,0.934929198105848
-0.2022542485937368,0.1469463130731183,-0.1428571428571429,0.013416695662896116,-0.01997252330877559,0.9427954924703451
-0.1469463130731182,0.2022542485937368,-0.1428571428571429,0.017434226249783562,-0.01945509715543038,0.939876343329847
-0.2377641290737883,0.0772542485937368,-0.1428571428571429,0.0094552097076754,-0.019264364233667737,0.9434466366693351
-1.0,-1.2246467991473532e-16,0.1428571428571428,-0.04256172375885625,-0.03819073514171651,1.0050865770935449
-0.8090169943749473,-0.5877852522924732,0.1428571428571428,-0.06091556956884033,-0.015324528159478636,0.9718871639656291
-0.9510565162951536,-0.3090169943749475,0.1428571428571428,-0.05354554403118095,-0.028273478259628605,0.9918884829221764
-0.587785252292473,-0.8090169943749475,0.1428571428571428,-0.06413546934108755,-0.0001860516610082205,0.9461645317344864
-0.3090169943749473,-0.9510565162951536,0.1428571428571428,-0.06291641871259722,0.01589919695141032,0.9165727358642052
0.3090169943749474,-0.9510565162951536,0.1428571428571428,-0.04747429081623107,0.04439473013724359,0.8569694309857098
6.123233995736766e-17,-1.0,0.1428571428571428,-0.05725388388447172,0.031336846892740265,0.8857576572779163
0.5877852522924731,-0.8090169943749475,0.1428571428571428,-0.03427127587273971,0.05349870291526851,0.8336762330961067
0.8090169943749475,-0.5877852522924731,0.1428571428571428,-0.018717654983518614,0.05749840220175696,0.8190232414795863
1.0,0.0,0.1428571428571428,0.013480175878102046,0.04859749579137815,0.8230281783386362
0.9510565162951536,-0.3090169943749474,0.1428571428571428,-0.0022378886456666186,0.0558329047425594,0.8152229278760064
0.9510565162951536,0.3090169943749474,0.1428571428571428,0.026655581159101126,0.03654716297671202,0.8414741074576282
0.8090169943749475,0.5877852522924731,0.1428571428571428,0.0356681839989349,0.02104368823028886,0.8680206324075804
0.3090169943749474,0.9510565162951536,0.1428571428571428,0.037246985121521206,-0.012848453475355407,0.9307948811719747
0.5877852522924731,0.8090169943749475,0.1428571428571428,0.03935327590668662,0.00390836002427242,0.8990851200547518
6.123233995736766e-17,1.0,0.1428571428571428,0.029686383917625965,-0.02737634573051866,0.959708155153321
-0.3090169943749473,0.9510565162951536,0.1428571428571428,0.01772183414716593,-0.03829590194024105,0.9832892267484797
-0.8090169943749473,0.5877852522924732,0.1428571428571428,-0.01314613578185297,-0.046864777625568614,1.0093094811561272
-0.587785252292473,0.8090169943749475,0.1428571428571428,0.0028781353695771315,-0.04485235137956371,1.0000383354515507
-0.9510565162951536,0.3090169943749475,0.1428571428571428,-0.028743929054016605,-0.04452663355111564,1.0109659981875312
-0.75,-9.184850993605147e-17,0.1428571428571428,-0.03465412453426903,-0.02809660303676358,0.984480093533453
-0.6067627457812105,-0.4408389392193549,0.1428571428571428,-0.04873768720604574,-0.010466608106082294,0.9584751971154216
-0.7132923872213651,-0.2317627457812106,0.1428571428571428,-0.043082137226513835,-0.02042514451258027,0.9740712035268267
-0.4408389392193548,-0.6067627457812106,0.1428571428571428,-0.051178235601869085,0.0010343208537942675,0.9387185169527357
-0.2317627457812105,-0.7132923872213652,0.1428571428571428,-0.05018564352882637,0.013092162417689889,0.9163460646759793
0.2317627457812106,-0.7132923872213651,0.1428571428571428,-0.038279586667188975,0.03412160472164537,0.8722612839594543
4.5924254968025736e-17,-0.75,0.1428571428571428,-0.04578726941621479,0.02453150500155448,0.8933990077525145
0.4408389392193548,-0.6067627457812106,0.1428571428571428,-0.02824244568189438,0.04075676769628926,0.8553817781715025
0.6067627457812106,-0.4408389392193548,0.1428571428571428,-0.016532672952680162,0.0436273125045202,0.8449082579220599
0.75,0.0,0.1428571428571428,0.007366685405021491,0.03698039861191213,0.8480143624261098
0.7132923872213651,-0.2317627457812105,0.1428571428571428,-0.0042456171759446635,0.04234060557828717,0.8422999424546534
0.7132923872213651,0.2317627457812105,0.1428571428571428,0.01702715857620976,0.028109482100965165,0.8613696796022651
0.6067627457812106,0.4408389392193548,0.1428571428571428,0.02360710765369552,0.01671591117010078,0.8806457072660987
0.2317627457812106,0.7132923872213651,0.1428571428571428,0.024819906242643217,-0.008342151726273624,0.926975592908841
0.4408389392193548,0.6067627457812106,0.1428571428571428,0.026310600592058222,0.004093584301797597,0.9034101657960587
4.5924254968025736e-17,0.75,0.1428571428571428,0.019353486171317474,-0.019271695977349436,0.9488492660863139
-0.2317627457812105,0.7132923872213652,0.1428571428571428,0.010615432723674007,-0.027660669553619986,0.9670534390319869
-0.6067627457812105,0.4408389392193549,0.1428571428571428,-0.012319942880227074,-0.03461517332683116,0.9877063492352877
-0.4408389392193548,0.6067627457812106,0.1428571428571428,-0.00034550691716931547,-0.03286299833723863,0.9802532697622155
-0.7132923872213651,0.2317627457812106,0.1428571428571428,-0.024110559064182437,-0.03295024302922195,0.9891135179696066
-0.5,-6.123233995736766e-17,0.1428571428571428,-0.027007236701550735,-0.017790744300977965,0.9632789872481176
-0.4045084971874736,-0.2938926261462366,0.1428571428571428,-0.03661622490204627,-0.005725472975458262,0.9452067695508225
-0.4755282581475767,-0.1545084971874737,0.1428571428571428,-0.032755451348123826,-0.01252727639734813,0.9560040614533081
-0.2938926261462365,-0.4045084971874737,0.1428571428571428,-0.038264036430698214,0.002047122251922914,0.9317184205320684
-0.1545084971874736,-0.4755282581475768,0.1428571428571428,-0.037549375339660775,0.010094702100518799,0.9166803470281916
0.1545084971874737,-0.4755282581475767,0.1428571428571428,-0.029384389714948327,0.023897731467524285,0.8877130236545665
3.061616997868383e-17,-0.5,0.1428571428571428,-0.03451109570730507,0.01763888730693898,0.9014951574710693
0.2938926261462365,-0.4045084971874737,0.1428571428571428,-0.022599191392904887,0.028184002096543804,0.8768577628740398
0.4045084971874737,-0.2938926261462365,0.1428571428571428,-0.014762930766083895,0.03000051554945186,0.87021614831033
0.5,0.0,0.1428571428571428,0.0010015637158758077,0.025587000316396477,0.8723390499918249
0.4755282581475767,-0.1545084971874737,0.1428571428571428,-0.006622014448002676,0.029112713146896913,0.8686298910351204
0.4755282581475767,0.1545084971874737,0.1428571428571428,0.007297439037617254,0.01979056551056776,0.8809217548287749
0.4045084971874737,0.2938926261462365,0.1428571428571428,0.011569198504824421,0.012351568166736542,0.8933540921211992
0.1545084971874737,0.4755282581475767,0.1428571428571428,0.012398544415235,-0.004134422664520235,0.9237489789737183
0.2938926261462365,0.4045084971874737,0.1428571428571428,0.013334278795010621,0.004081152801178984,0.9081801855980524
3.061616997868383e-17,0.5,0.1428571428571428,0.008885457066691744,-0.011452640931596453,0.9384559569295966
-0.1545084971874736,0.4755282581475768,0.1428571428571428,0.00321150213912552,-0.0171781877404158,0.9509328558561295
-0.4045084971874736,0.2938926261462366,0.1428571428571428,-0.011938431014530085,-0.02214698805084861,0.9654545062033769
-0.2938926261462365,0.4045084971874737,0.1428571428571428,-0.003984563303782302,-0.020827696970564608,0.9601531386155467
-0.4755282581475767,0.1545084971874737,0.1428571428571428,-0.019858601932262042,-0.021091126946133135,0.9665084296007018
-0.25,-3.061616997868383e-17,0.1428571428571428,-0.019619694011719643,-0.007271455177861377,0.9414745363420145
-0.2022542485937368,-0.1469463130731183,0.1428571428571428,-0.024538098251471796,-0.001086850608129622,0.9320709319830667
-0.2377641290737883,-0.0772542485937368,0.1428571428571428,-0.022560014370360915,-0.004568353191508306,0.937671248847227
-0.1469463130731182,-0.2022542485937368,0.1428571428571428,-0.025374167484976305,0.0028558372091006586,0.9251645618853657
-0.0772542485937368,-0.2377641290737884,0.1428571428571428,-0.024989951776860312,0.006890719339828151,0.9175819962506806
0.0772542485937368,-0.2377641290737883,0.1428571428571428,-0.020788017143070325,0.013689482451475435,0.9033146323921661
1.5308084989341918e-17,-0.25,0.1428571428571428,-0.02341525783239623,0.010626986610482725,0.910047336135895
0.1469463130731182,-0.2022542485937368,0.1428571428571428,-0.017346685785249796,0.01575965855767905,0.8980880103399969
0.2022542485937368,-0.1469463130731182,0.1428571428571428,-0.013413726817620954,0.016613862352170203,0.8949361318302618
0.25,0.0,0.1428571428571428,-0.005616819289793406,0.014415305215011208,0.8960157411351459
0.2377641290737883,-0.0772542485937368,0.1428571428571428,-0.009369456025617817,0.01615254155589207,0.8942151874033353
0.2377641290737883,0.0772542485937368,0.1428571428571428,-0.0025395989281876124,0.01157898027779915,0.9001457113224935
0.2022542485937368,0.1469463130731182,0.1428571428571428,-0.00045874736656783925,0.00793826915254891,0.9061547122401425
0.0772542485937368,0.2377641290737883,0.1428571428571428,-3.273871489977639e-05,-0.00020567434412145625,0.921110983618636
0.1469463130731182,0.2022542485937368,0.1428571428571428,0.0004066997428792033,0.003871212901503932,0.9133956622197057
1.5308084989341918e-17,0.25,0.1428571428571428,-0.0017261525661960157,-0.0038855408056234163,0.9285259176720628
-0.0772542485937368,0.2377641290737884,0.1428571428571428,-0.004490267564444384,-0.00681479300763957,0.9349320977582527
-0.2022542485937368,0.1469463130731183,0.1428571428571428,-0.011996717116022824,-0.009455660232318624,0.9425671821008403
-0.1469463130731182,0.2022542485937368,0.1428571428571428,-0.008034359171307452,-0.008725787525388747,0.9397500399293184
-0.2377641290737883,0.0772542485937368,0.1428571428571428,-0.01598578563105833,-0.008952330448973879,0.9431552698958066
-1.0,-1.2246467991473532e-16,0.4285714285714284,-0.06547326820880489,-0.029457586452562065,1.0034600733945025
-0.8090169943749473,-0.5877852522924732,0.4285714285714284,-0.08542135383835162,-0.007415633830599136,0.9707069839997703
-0.9510565162951536,-0.3090169943749475,0.4285714285714284,-0.07717184201871549,-0.020067421385241525,0.990363433625498
-0.587785252292473,-0.8090169943749475,0.4285714285714284,-0.08959893040877205,0.0076624072947920315,0.9455290536279226
-0.3090169943749473,-0.9510565162951536,0.4285714285714284,-0.089340420101795,0.023915434461866433,0.9166039911347335
0.3090169943749474,-0.9510565162951536,0.4285714285714284,-0.07556920063186745,0.053361505000688876,0.8583137042238964
6.123233995736766e-17,-1.0,0.4285714285714284,-0.08457596816131806,0.039733326331877934,0.8864806725593736
0.5877852522924731,-0.8090169943749475,0.4285714285714284,-0.06294807472242131,0.06319109354167844,0.8354985146911043
0.8090169943749475,-0.5877852522924731,0.4285714285714284,-0.04771973565324084,0.0680180497451194,0.8211441071192165
1.0,0.0,0.4285714285714284,-0.015215095574218036,0.06076341011168058,0.8252329680487865
0.9510565162951536,-0.3090169943749474,0.4285714285714284,-0.031254784212997246,0.06720689916687282,0.8174633124946401
0.9510565162951536,0.3090169943749474,0.4285714285714284,-0.0013966813335062219,0.04935116504424065,0.843517999782205
0.8090169943749475,0.5877852522924731,0.4285714285714284,0.008520348305502778,0.03425477127509957,0.8698009885221376
0.3090169943749474,0.9510565162951536,0.4285714285714284,0.012281458807771024,0.00031966947096395763,0.931783387878651
0.5877852522924731,0.8090169943749475,0.4285714285714284,0.013273989560638732,0.017245982455350025,0.9005114277360744
6.123233995736766e-17,1.0,0.4285714285714284,0.005756459756831635,-0.014655802830361915,0.9601861666834292
-0.3090169943749473,0.9510565162951536,0.4285714285714284,-0.005364414141569614,-0.02625319841558502,0.9832094826004547
-0.8090169943749473,0.5877852522924732,0.4285714285714284,-0.03545606406692113,-0.03655201039614027,1.0081783654696883
-0.587785252292473,0.8090169943749475,0.4285714285714284,-0.019648650257729584,-0.03364369208655937,0.9994000326928324
-0.9510565162951536,0.3090169943749475,0.4285714285714284,-0.05119326330550523,-0.03506954656211679,1.009483438498761
-0.75,-9.184850993605147e-17,0.4285714285714284,-0.05824766176205729,-0.018891566893674726,0.9833759429536684
-0.6067627457812105,-0.4408389392193549,0.4285714285714284,-0.07351671713661549,-0.0019036906809750064,0.9577054697767773
-0.7132923872213651,-0.2317627457812106,0.4285714285714284,-0.06720147489216072,-0.011626468447995262,0.9730491959844064
-0.4408389392193548,-0.6067627457812106,0.4285714285714284,-0.07668649570943864,0.009543598654321231,0.9383407643264966
-0.2317627457812105,-0.7132923872213652,0.4285714285714284,-0.07643121111403595,0.02172765874620881,0.916447296092049
0.2317627457812106,-0.7132923872213651,0.4285714285714284,-0.06579922565335024,0.043491547227087715,0.8733222023080168
4.5924254968025736e-17,-0.75,0.4285714285714284,-0.07272127257771692,0.033460936542222895,0.8940012390016896
0.4408389392193548,-0.6067627457812106,0.4285714285714284,-0.05619325564278392,0.0506818630791724,0.8568080324858983
0.6067627457812106,-0.4408389392193548,0.4285714285714284,-0.0447137560314582,0.05417740975472159,0.8465768517172688
0.75,0.0,0.4285714285714284,-0.020556927021159545,0.04875343616276212,0.8497847768498767
0.7132923872213651,-0.2317627457812105,0.4285714285714284,-0.03242195205472303,0.053528356494537244,0.8440803816480594
0.7132923872213651,0.2317627457812105,0.4285714285714284,-0.01041088531274053,0.04035092751548763,0.8630239643735594
0.6067627457812106,0.4408389392193548,0.4285714285714284,-0.0031574293609199808,0.029254755189674315,0.8820934081692845
0.2317627457812106,0.7132923872213651,0.4285714285714284,-0.0003294745530407637,0.00416091565487565,0.9277894320767522
0.4408389392193548,0.6067627457812106,0.4285714285714284,0.0003374865313812143,0.01672351853608902,0.9045736936419636
4.5924254968025736e-17,0.75,0.4285714285714284,-0.005029658653418872,-0.007100576056918565,0.9492639817117918
-0.2317627457812105,0.7132923872213652,0.4285714285714284,-0.013142128838338294,-0.015991016614717277,0.9670447389304845
-0.6067627457812105,0.4408389392193549,0.4285714285714284,-0.03549049839661427,-0.024225093847636464,0.9869355907940986
-0.4408389392193548,0.6067627457812106,0.4285714285714284,-0.02368491801633411,-0.021809666304924955,0.9798337844832242
-0.7132923872213651,0.2317627457812106,0.4285714285714284,-0.04737260353965464,-0.023198135313664856,0.9881006720111899
-0.5,-6.123233995736766e-17,0.4285714285714284,-0.05129220966857541,-0.008128030516570486,0.9626850493738152
-0.4045084971874736,-0.2938926261462366,0.4285714285714284,-0.06168581982950653,0.0034939185497978014,0.944835348181348
-0.4755282581475767,-0.1545084971874737,0.4285714285714284,-0.05738480495300639,-0.0031426377995358123,0.9554689332266202
-0.2938926261462365,-0.4045084971874737,0.4285714285714284,-0.06382696848494429,0.011225562447921195,0.9315969209215861
-0.1545084971874736,-0.4755282581475768,0.4285714285714284,-0.06361467623975502,0.019357449746984855,0.9168639552799505
0.1545084971874737,-0.4755282581475767,0.4285714285714284,-0.05631283472647718,0.03366360553047413,0.888520212938991
3.061616997868383e-17,-0.5,0.4285714285714284,-0.061044968510425415,0.027102992097346755,0.9020010628185597
0.2938926261462365,-0.4045084971874737,0.4285714285714284,-0.04981211521810382,0.03832715948795093,0.8779132206069754
0.4045084971874737,-0.2938926261462365,0.4285714285714284,-0.04212083350847076,0.04056367552578724,0.8714453352253696
0.5,0.0,0.4285714285714284,-0.026166453970142802,0.03695857493134502,0.8736620058822572
0.4755282581475767,-0.1545084971874737,0.4285714285714284,-0.033966441180751324,0.040099435239743395,0.8699483196695925
0.4755282581475767,0.1545084971874737,0.4285714285714284,-0.01954403874657451,0.03146766850663136,0.8821706212592071
0.4045084971874737,0.2938926261462365,0.4285714285714284,-0.01482596657257778,0.024221253832607682,0.8944595442557853
0.1545084971874737,0.4755282581475767,0.4285714285714284,-0.012934840242269067,0.007708449484902377,0.924405120721912
0.2938926261462365,0.4045084971874737,0.4285714285714284,-0.012539962569027008,0.016008519774027306,0.9090838055068117
3.061616997868383e-17,0.5,0.4285714285714284,-0.015944636992837272,0.0001719367350354489,0.9388350523865752
-0.1545084971874736,0.4755282581475768,0.4285714285714284,-0.02120623538027711,-0.005882616947795025,0.9510262010201065
-0.4045084971874736,0.2938926261462366,0.4285714285714284,-0.035960058884862416,-0.011692833388469957,0.9650572966619678
-0.2938926261462365,0.4045084971874737,0.4285714285714284,-0.028123736731572792,-0.00993665181070187,0.9599779715024338
-0.4755282581475767,0.1545084971874737,0.4285714285714284,-0.043932255635671255,-0.011060537929355076,0.965964161643142
-0.25,-3.061616997868383e-17,0.4285714285714284,-0.04460670827273596,0.0028357655359632495,0.9413785534569531
-0.2022542485937368,-0.1469463130731183,0.4285714285714284,-0.04991511833025394,0.008791421396517977,0.9320858549136808
-0.2377641290737883,-0.0772542485937368,0.4285714285714284,-0.04771648555017469,0.005396324806667148,0.937606675142022
-0.1469463130731182,-0.2022542485937368,0.4285714285714284,-0.051001384730727975,0.012711226429520958,0.9252985957509924
-0.0772542485937368,-0.2377641290737884,0.4285714285714284,-0.050873538489737975,0.01678830687114398,0.917861414139997
0.0772542485937368,-0.2377641290737883,0.4285714285714284,-0.04710995393449031,0.023844919023860815,0.9038979640643618
1.5308084989341918e-17,-0.25,0.4285714285714284,-0.049537770284461234,0.020627726898818703,0.9104821340841834
0.1469463130731182,-0.2022542485937368,0.4285714285714284,-0.04380965801449988,0.026107262118611137,0.8987979071653779
0.2022542485937368,-0.1469463130731182,0.4285714285714284,-0.039945235264008165,0.02717329636460506,0.8957389444046846
0.25,0.0,0.4285714285714284,-0.032044255123037914,0.02537601227431031,0.8968783594064696
0.2377641290737883,-0.0772542485937368,0.4285714285714284,-0.03588920478547482,0.026923273474917107,0.8950699054625175
0.2377641290737883,0.0772542485937368,0.4285714285714284,-0.028802031949451076,0.022689074750920055,0.900973074256654
0.2022542485937368,0.1469463130731182,0.4285714285714284,-0.026499123946008687,0.019141594537594467,0.9069076491483725
0.0772542485937368,0.2377641290737883,0.4285714285714284,-0.025550026726869072,0.010982499048122136,0.9216259067868875
0.1469463130731182,0.2022542485937368,0.4285714285714284,-0.02537659119177235,0.015101616404138088,0.9140415372485248
1.5308084989341918e-17,0.25,0.4285714285714284,-0.026995814132430875,0.0071952390150160465,0.9288967692998323
-0.0772542485937368,0.2377641290737884,0.4285714285714284,-0.02955605421780905,0.004104459302909539,0.9351582776858549
-0.2022542485937368,0.1469463130731183,0.4285714285714284,-0.03686130877093002,0.0010485703530434959,0.9425567505175334
-0.1469463130731182,0.2022542485937368,0.4285714285714284,-0.032960608145684876,0.001994478711686516,0.9398445871365776
-0.2377641290737883,0.0772542485937368,0.4285714285714284,-0.04087177429120334,0.0013406220977753055,0.9430784889781116
-1.0,-1.2246467991473532e-16,0.7142857142857142,-0.08778116086776572,-0.020696662160880144,1.0020228314481288
-0.8090169943749473,-0.5877852522924732,0.7142857142857142,-0.10929832037485561,0.0004444445740557857,0.9696919708380399
-0.9510565162951536,-0.3090169943749475,0.7142857142857142,-0.10017896335413032,-0.011871317321098087,0.9890153125980139
-0.587785252292473,-0.8090169943749475,0.7142857142857142,-0.11443087062466031,0.0154247564274049,0.9450497716243401
-0.3090169943749473,-0.9510565162951536,0.7142857142857142,-0.11513813434190275,0.03181249138682249,0.916787347114413
0.3090169943749474,-0.9510565162951536,0.7142857142857142,-0.10307245534938982,0.06216795249624006,0.8598198983898226
6.123233995736766e-17,-1.0,0.7142857142857142,-0.11128534769200107,0.04798479829437483,0.8873577405235965
0.5877852522924731,-0.8090169943749475,0.7142857142857142,-0.09105927119689376,0.07272108040765392,0.8374951960796208
0.8090169943749475,-0.5877852522924731,0.7142857142857142,-0.07618368569007487,0.07838766179637315,0.8234544229556128
1.0,0.0,0.7142857142857142,-0.04341754358635531,0.07284128981632024,0.8276560451704342
0.9510565162951536,-0.3090169943749474,0.7142857142857142,-0.05975874756721909,0.07845668313470713,0.8199084811416666
0.9510565162951536,0.3090169943749474,0.7142857142857142,-0.028969642144962695,0.06210917350819873,0.8457902752466382
0.8090169943749475,0.5877852522924731,0.7142857142857142,-0.01815472470127712,0.0474629151981793,0.8718156311060409
0.3090169943749474,0.9510565162951536,0.7142857142857142,-0.012204031344841675,0.013557233180323236,0.9330063237928441
0.5877852522924731,0.8090169943749475,0.7142857142857142,-0.012332220766757527,0.030620338084877855,0.9021737961141428
6.123233995736766e-17,1.0,0.7142857142857142,-0.01768010233794917,-0.001842879787702266,0.9608945774169805
-0.3090169943749473,0.9510565162951536,0.7142857142857142,-0.0279383600421741,-0.014107034598261816,0.9833545689707832
-0.8090169943749473,0.5877852522924732,0.7142857142857142,-0.0572061785685707,-0.026152422184978475,1.0072573974307155
-0.587785252292473,0.8090169943749475,0.7142857142857142,-0.04164018332798909,-0.0223335050250571,0.9989798492381192
-0.9510565162951536,0.3090169943749475,0.7142857142857142,-0.07305924585464453,-0.025551258219166175,1.0082014372337174
-0.75,-9.184850993605147e-17,0.7142857142857142,-0.08125067981322102,-0.009673295006684022,0.9824612614594078
-0.6067627457812105,-0.4408389392193549,0.7142857142857142,-0.09768635033386436,0.006613935076554528,0.9571080175956898
-0.7132923872213651,-0.2317627457812106,0.7142857142857142,-0.09071851335682204,-0.0028432686204431143,0.9722076376840405
-0.4408389392193548,-0.6067627457812106,0.7142857142857142,-0.10158374561903538,0.017979042620428914,0.9381293202857248
-0.2317627457812105,-0.7132923872213652,0.7142857142857142,-0.10207016253595534,0.030264378310298642,0.916712305966943
0.2317627457812106,-0.7132923872213651,0.7142857142857142,-0.0927382058847813,0.05273289939466264,0.8745541291939704
4.5924254968025736e-17,-0.75,0.7142857142857142,-0.09905905330647483,0.04227259847410408,0.8947688423711385
0.4408389392193548,-0.6067627457812106,0.7142857142857142,-0.08358241081892101,0.06047738884835745,0.8584141568945178
0.6067627457812106,-0.4408389392193548,0.7142857142857142,-0.07235327218152952,0.06460740468374268,0.8484360727490533
0.75,0.0,0.7142857142857142,-0.04797302798793621,0.06045216886797968,0.8517669363361983
0.7132923872213651,-0.2317627457812105,0.7142857142857142,-0.06007544011984614,0.06461513556914883,0.8460625593070321
0.7132923872213651,0.2317627457812105,0.7142857142857142,-0.03735207095531418,0.052549201456970236,0.864897768935927
0.6067627457812106,0.4408389392193548,0.7142857142857142,-0.029430471081277984,0.04178258539780352,0.8837655394473268
0.2317627457812106,0.7132923872213651,0.7142857142857142,-0.024981932583026202,0.016707612823980963,0.9288289532877162
0.4408389392193548,0.6067627457812106,0.7142857142857142,-0.02514406577463063,0.029372320733719627,0.9059635973906959
4.5924254968025736e-17,0.75,0.7142857142857142,-0.028905612874500795,0.005131558758085563,0.9499015874474114
-0.2317627457812105,0.7132923872213652,0.7142857142857142,-0.03637809659218353,-0.004251926453282123,0.967254557094629
-0.6067627457812105,0.4408389392193549,0.7142857142857142,-0.05810374950994264,-0.01377767649053316,0.9863709502780326
-0.4408389392193548,0.6067627457812106,0.7142857142857142,-0.04648546615738206,-0.010688202218136466,0.9796271905339595
-0.7132923872213651,0.2317627457812106,0.7142857142857142,-0.07005956952079119,-0.013407689017711773,0.9872860625585183
-0.5,-6.123233995736766e-17,0.7142857142857142,-0.07499997502938613,0.0015332016379426727,0.9622819251098125
-0.4045084971874736,-0.2938926261462366,0.7142857142857142,-0.08616570972515136,0.012672145603281157,0.9446438328677136
-0.4755282581475767,-0.1545084971874737,0.7142857142857142,-0.08142906833691303,0.00622110373301829,0.955118753115922
-0.2938926261462365,-0.4045084971874737,0.7142857142857142,-0.0887993678651285,0.02034349481303842,0.9316518354520813
-0.1545084971874736,-0.4755282581475768,0.7142857142857142,-0.08909262719813046,0.028542996953316926,0.9172226510801622
0.1545084971874737,-0.4755282581475767,0.7142857142857142,-0.08267119261744327,0.04333302937079432,0.8895072524163238
3.061616997868383e-17,-0.5,0.7142857142857142,-0.08699851776318572,0.03647746338532672,0.902683222506528
0.2938926261462365,-0.4045084971874737,0.7142857142857142,-0.0764673128188873,0.04837356592640446,0.8791540978901109
0.4045084971874737,-0.2938926261462365,0.7142857142857142,-0.06893410247884321,0.05103653079025231,0.8728667339055016
0.5,0.0,0.7142857142857142,-0.05281254791823302,0.048269982340483075,0.8751908688073904
0.4755282581475767,-0.1545084971874737,0.7142857142857142,-0.06077859693894614,0.051008486054171416,0.8714660806919621
0.4755282581475767,0.1545084971874737,0.7142857142857142,-0.04587097455478417,0.04310509450822191,0.8836307111853927
0.4045084971874737,0.2938926261462365,0.7142857142857142,-0.04071043682778449,0.0360725659856388,0.8957798216540747
0.1545084971874737,0.4755282581475767,0.7142857142857142,-0.03775400526386035,0.019569506898226785,0.925277693918655
0.2938926261462365,0.4045084971874737,0.7142857142857142,-0.037903595479970714,0.027937452517778398,0.9102039640429949
3.061616997868383e-17,0.5,0.7142857142857142,-0.04025353513454549,0.011826423424195574,0.939428870580225
-0.1545084971874736,0.4755282581475768,0.7142857142857142,-0.04509304806157129,0.005448609344137769,0.9513312259312809
-0.4045084971874736,0.2938926261462366,0.7142857142857142,-0.059426810939659645,-0.001210786787046493,0.9648626110218086
-0.2938926261462365,0.4045084971874737,0.7142857142857142,-0.051720392142491654,0.000989324926677385,0.960010349331494
-0.4755282581475767,0.1545084971874737,0.7142857142857142,-0.06743909502521049,-0.0010146271518053154,0.965616731916014
-0.25,-3.061616997868383e-17,0.7142857142857142,-0.06903001595956068,0.012926707860609994,0.9414757792678418
-0.2022542485937368,-0.1469463130731183,0.7142857142857142,-0.07472227232676325,0.018633269543039913,0.9322887968419328
-0.2377641290737883,-0.0772542485937368,0.7142857142857142,-0.07230532509892834,0.015334880931407975,0.937732448647173
-0.1469463130731182,-0.2022542485937368,0.7142857142857142,-0.07605843278367874,0.022520395623692426,0.9256191360029516
-0.0772542485937368,-0.2377641290737884,0.7142857142857142,-0.07618864463740724,0.02663131153217196,0.9183268549069952
0.0772542485937368,-0.2377641290737883,0.7142857142857142,-0.07287200308767544,0.03393642462311262,0.9046696848997742
1.5308084989341918e-17,-0.25,0.7142857142857142,-0.07509534286517532,0.030567771260233082,0.9111035980909573
0.1469463130731182,-0.2022542485937368,0.7142857142857142,-0.06971879264984099,0.03639094254757497,0.8996988050087235
0.2022542485937368,-0.1469463130731182,0.7142857142857142,-0.06592932533293688,0.03767210095618328,0.896735951739516
0.25,0.0,0.7142857142857142,-0.0579356098251966,0.036291000605587875,0.897941806212191
0.2377641290737883,-0.0772542485937368,0.7142857142857142,-0.061867659539781156,0.03763965269949229,0.8961222210132687
0.2377641290737883,0.0772542485937368,0.7142857142857142,-0.05453218367345659,0.03376356246587116,0.9020039906078317
0.2022542485937368,0.1469463130731182,0.7142857142857142,-0.052009262253651926,0.03031987342813944,0.9078661091450605
0.0772542485937368,0.2377641290737883,0.7142857142857142,-0.05053539952246458,0.022163916847987183,0.9223475472324167
0.1469463130731182,0.2022542485937368,0.7142857142857142,-0.05062976245268357,0.026316918641956313,0.9148940046279498
1.5308084989341918e-17,0.25,0.7142857142857142,-0.05173003143882634,0.018275199762188575,0.9294735581380994
-0.0772542485937368,0.2377641290737884,0.7142857142857142,-0.05408147001757903,0.01502585938356396,0.9355888085610384
-0.2022542485937368,0.1469463130731183,0.7142857142857142,-0.061173435840256744,0.011551240688414744,0.9427456653536067
-0.1469463130731182,0.2022542485937368,0.7142857142857142,-0.057340627652150665,0.012716627312970486,0.9401412316178787
-0.2377641290737883,0.0772542485937368,0.7142857142857142,-0.06519928064897049,0.011625754223423615,0.9431980104055402
-1.0,-1.2246467991473532e-16,1.0,-0.10948585827250683,-0.01189744507903785,1.000756476775923
-0.8090169943749473,-0.5877852522924732,1.0,-0.13254590036999933,0.008267704674898882,0.9688256044083261
-0.9510565162951536,-0.3090169943749475,1.0,-0.12256712508831563,-0.0036738456208866913,0.9878266657369882
-0.587785252292473,-0.8090169943749475,1.0,-0.13862952004767548,0.023113443846528862,0.9447109854551827
-0.3090169943749473,-0.9510565162951536,1.0,-0.14030638335708492,0.03960299018657695,0.9171076729178781
0.3090169943749474,-0.9510565162951536,1.0,-0.1299782696044854,0.07082635228794382,0.8614728312138017
6.123233995736766e-17,-1.0,1.0,-0.13737744962921605,0.05610380482631901,0.8883739287373439
0.5877852522924731,-0.8090169943749475,1.0,-0.11859814126966793,0.0821005745528014,0.8396503922183411
0.8090169943749475,-0.5877852522924731,1.0,-0.10410214726730282,0.08861871207141482,0.8259372339621617
1.0,0.0,1.0,-0.0711194475001906,0.08484150485344502,0.830277927858324
0.9510565162951536,-0.3090169943749474,1.0,-0.08774209283352369,0.0895932207295978,0.8225402090391595
0.9510565162951536,0.3090169943749474,1.0,-0.05605581628731266,0.07483089700066611,0.8482704108868001
0.8090169943749475,0.5877852522924731,1.0,-0.04435002805122098,0.06067716235369464,0.8740433508278661
0.3090169943749474,0.9510565162951536,1.0,-0.03620408234097671,0.026872305026167,0.934442225411776
0.5877852522924731,0.8090169943749475,1.0,-0.03745904619626098,0.04403989115564317,0.90405072241954
6.123233995736766e-17,1.0,1.0,-0.04061899566238704,0.011070338906366632,0.9618121818199276
-0.3090169943749473,0.9510565162951536,1.0,-0.049996931703155965,-0.001849380700031473,0.9837036541262686
-0.8090169943749473,0.5877852522924732,1.0,-0.07839580060728805,-0.015657043658677525,1.0065267249729148
-0.587785252292473,0.8090169943749475,1.0,-0.06309465601241906,-0.010913396058794355,0.9987573986749643
-0.9510565162951536,0.3090169943749475,1.0,-0.09434200604743276,-0.015962067321847847,1.0071008074869954
-0.75,-9.184850993605147e-17,1.0,-0.1036623083582272,-0.0004312373448484135,0.9817176519972649
-0.6067627457812105,-0.4408389392193549,1.0,-0.12124499400010294,0.015097894842418458,0.9566658045827902
-0.7132923872213651,-0.2317627457812106,1.0,-0.11363220811744007,0.005935587056515823,0.971528820806548
-0.4408389392193548,-0.6067627457812106,1.0,-0.12586755397135485,0.026352620675370548,0.9380677167571877
-0.2317627457812105,-0.7132923872213652,1.0,-0.12709906793531223,0.0387144473100515,0.9171250002234225
0.2317627457812106,-0.7132923872213651,1.0,-0.11909116425825453,0.06185760220858547,0.8759408669719408
4.5924254968025736e-17,-0.75,1.0,-0.1247961648966861,0.05097859676182277,0.8956858282124551
0.4408389392193548,-0.6067627457812106,1.0,-0.1104038107273984,0.07015501629755878,0.8601834393471227
0.6067627457812106,-0.4408389392193548,1.0,-0.09944460311524353,0.07492862161747059,0.8504684503193766
0.75,0.0,1.0,-0.07487466380267685,0.07208704082326214,0.8539415890368257
0.7132923872213651,-0.2317627457812105,1.0,-0.08719917922955876,0.07561185490121278,0.8482281126212698
0.7132923872213651,0.2317627457812105,1.0,-0.06378961347221693,0.06471424769606057,0.8669710854817099
0.6067627457812106,0.4408389392193548,1.0,-0.05520560416155618,0.05430885766462558,0.8856415622506221
0.2317627457812106,0.7132923872213651,1.0,-0.0491323275460491,0.029306695200201856,0.9300733115893567
0.4408389392193548,0.6067627457812106,1.0,-0.050128198124823234,0.042049030944704316,0.9075590663499972
4.5924254968025736e-17,0.75,1.0,-0.0522700859574055,0.017433353294922137,0.9507413869004744
-0.2317627457812105,0.7132923872213652,1.0,-0.05908910762083176,0.0075653270588139955,0.9676624728731139
-0.6067627457812105,0.4408389392193549,1.0,-0.08015805177482084,-0.0032635052471209217,0.9859928371960368
-0.4408389392193548,0.6067627457812106,1.0,-0.06874470810726298,0.0005103861473308169,0.9796134377826368
-0.7132923872213651,0.2317627457812106,1.0,-0.09217036996892888,-0.0035689496420382443,0.9866506527813481
-0.5,-6.123233995736766e-17,1.0,-0.0981284345576411,0.011203521116457593,0.9620511543600703
-0.4045084971874736,-0.2938926261462366,1.0,-0.11005334388304946,0.021820474579342147,0.9446146539707959
-0.4755282581475767,-0.1545084971874737,1.0,-0.10488603045524776,0.01557489251183695,0.9549355219501436
-0.2938926261462365,-0.4045084971874737,1.0,-0.11317816361490064,0.02941241863778686,0.931865941335191
-0.1545084971874736,-0.4755282581475768,1.0,-0.11397952757892717,0.03766296590223192,0.9177394253467195
0.1545084971874737,-0.4755282581475767,1.0,-0.10845448945838007,0.052917542830037856,0.8906570237719917
3.061616997868383e-17,-0.5,1.0,-0.11236738396681492,0.04577393315750321,0.9035246685229633
0.2938926261462365,-0.4045084971874737,1.0,-0.10255929709487234,0.05833458497009271,0.8805629438954808
0.4045084971874737,-0.2938926261462365,1.0,-0.0951968758604468,0.06143020222009912,0.8744624177382129
0.5,0.0,1.0,-0.07893058810543645,0.05953172296536897,0.8769065973161865
0.4755282581475767,-0.1545084971874737,1.0,-0.08705240346908223,0.061850693142226465,0.8731646919292493
0.4755282581475767,0.1545084971874737,1.0,-0.0716773477797327,0.05471300550319303,0.8852824929543579
0.4045084971874737,0.2938926261462365,1.0,-0.06607845161137428,0.04791534691955541,0.8972950261724993
0.1545084971874737,0.4755282581475767,1.0,-0.062054089719331934,0.03145814628078206,0.9263465216082238
0.2938926261462365,0.4045084971874737,1.0,-0.06275125343098607,0.039877527164203175,0.9115205477982159
3.061616997868383e-17,0.5,1.0,-0.06403696129233206,0.02352014783765903,0.9402173047341479
-0.1545084971874736,0.4755282581475768,1.0,-0.06844527882943391,0.016824874673301324,0.9518280035941156
-0.4045084971874736,0.2938926261462366,1.0,-0.08233612441634097,0.009308986187178809,0.9648511347666852
-0.2938926261462365,0.4045084971874737,1.0,-0.07477146643055117,0.011959791087892609,0.9602306139673827
-0.4755282581475767,0.1545084971874737,1.0,-0.09037689648584248,0.0090567896619611,0.9654472315583678
-0.25,-3.061616997868383e-17,1.0,-0.09288638518298255,0.023011945648116705,0.9417476541026923
-0.2022542485937368,-0.1469463130731183,1.0,-0.09895611536960969,0.028449608444860924,0.9326616364368243
-0.2377641290737883,-0.0772542485937368,1.0,-0.09632324603592811,0.02525807095840632,0.9380302419919508
-0.1469463130731182,-0.2022542485937368,1.0,-0.10054162462353045,0.03229437902607584,0.926108218626422
-0.0772542485937368,-0.2377641290737884,1.0,-0.10093128526070663,0.03643083711356984,0.9189604433201869
0.0772542485937368,-0.2377641290737883,1.0,-0.09806955113882744,0.04397507901359965,0.9056118462415118
1.5308084989341918e-17,-0.25,1.0,-0.10008367054347503,0.040458238299802,0.911893859518065
0.1469463130731182,-0.2022542485937368,1.0,-0.09506920915797577,0.04662169267169958,0.9007725952151704
0.2022542485937368,-0.1469463130731182,1.0,-0.09136091388499168,0.048121142540290276,0.89790882277622
0.25,0.0,1.0,-0.08328564278070642,0.04717081041225754,0.8991872277683421
0.2377641290737883,-0.0772542485937368,1.0,-0.08729961447683353,0.048312390540010325,0.8973535443943739
0.2377641290737883,0.0772542485937368,1.0,-0.07972486757243952,0.04481281102328405,0.9032193670283533
0.2022542485937368,0.1469463130731182,1.0,-0.07698411355511518,0.041483315163298284,0.9090108086734887
0.0772542485937368,0.2377641290737883,1.0,-0.07498428597192425,0.03334857662579657,0.923256445609648
0.1469463130731182,0.2022542485937368,1.0,-0.07534797590571042,0.03752720093157215,0.9159336563812328
1.5308084989341918e-17,0.25,1.0,-0.0759245349666533,0.02936430963376473,0.9302368458818218
-0.0772542485937368,0.2377641290737884,1.0,-0.07806255495378797,0.025959404927966518,0.9362043393725282
-0.2022542485937368,0.1469463130731183,1.0,-0.08492965967402191,0.0220625697095734,0.943114909198141
-0.1469463130731182,0.2022542485937368,1.0,-0.08117074491598567,0.02345074235898874,0.9406207664909916
-0.2377641290737883,0.0772542485937368,1.0,-0.08896501957414177,0.021913454155726056,0.9434950379712028
